-- phpMyAdmin SQL Dump
-- version 5.2.1
-- https://www.phpmyadmin.net/
--
-- Host: 127.0.0.1:3310
-- Generation Time: Mar 10, 2024 at 07:15 AM
-- Server version: 10.4.32-MariaDB
-- PHP Version: 8.2.12

SET SQL_MODE = "NO_AUTO_VALUE_ON_ZERO";
START TRANSACTION;
SET time_zone = "+00:00";


/*!40101 SET @OLD_CHARACTER_SET_CLIENT=@@CHARACTER_SET_CLIENT */;
/*!40101 SET @OLD_CHARACTER_SET_RESULTS=@@CHARACTER_SET_RESULTS */;
/*!40101 SET @OLD_COLLATION_CONNECTION=@@COLLATION_CONNECTION */;
/*!40101 SET NAMES utf8mb4 */;

--
-- Database: `escuela`
--

-- --------------------------------------------------------

--
-- Table structure for table `actividades`
--

CREATE TABLE `actividades` (
  `id_actividad` int(11) NOT NULL,
  `tipo` varchar(20) DEFAULT NULL,
  `responsable` varchar(50) DEFAULT NULL,
  `nombre_actividad` varchar(30) DEFAULT NULL,
  `fecha` date DEFAULT NULL
) ENGINE=InnoDB DEFAULT CHARSET=utf8 COLLATE=utf8_general_ci;

-- --------------------------------------------------------

--
-- Table structure for table `alumnos`
--

CREATE TABLE `alumnos` (
  `id_alumno` int(11) NOT NULL,
  `id_usuario` int(11) DEFAULT NULL,
  `id_grado` int(11) DEFAULT NULL,
  `id_grupo` int(11) DEFAULT NULL,
  `id_padre` int(11) DEFAULT NULL,
  `id_docente` int(11) DEFAULT NULL
) ENGINE=InnoDB DEFAULT CHARSET=utf8 COLLATE=utf8_general_ci;

--
-- Dumping data for table `alumnos`
--

INSERT INTO `alumnos` (`id_alumno`, `id_usuario`, `id_grado`, `id_grupo`, `id_padre`, `id_docente`) VALUES
(1, 12, 1, 2, 1, 1),
(2, 13, 4, 3, 2, 3);

-- --------------------------------------------------------

--
-- Table structure for table `consejos`
--

CREATE TABLE `consejos` (
  `id_consejo` int(11) NOT NULL,
  `titulo` varchar(30) DEFAULT NULL,
  `descripcion` text DEFAULT NULL,
  `id_docente` int(11) DEFAULT NULL
) ENGINE=InnoDB DEFAULT CHARSET=utf8 COLLATE=utf8_general_ci;

-- --------------------------------------------------------

--
-- Table structure for table `docentes`
--

CREATE TABLE `docentes` (
  `id_docente` int(11) NOT NULL,
  `id_usuario` int(11) DEFAULT NULL,
  `id_grado` int(11) DEFAULT NULL,
  `id_grupo` int(11) DEFAULT NULL
) ENGINE=InnoDB DEFAULT CHARSET=utf8 COLLATE=utf8_general_ci;

--
-- Dumping data for table `docentes`
--

INSERT INTO `docentes` (`id_docente`, `id_usuario`, `id_grado`, `id_grupo`) VALUES
(1, 2, 3, 2),
(2, 3, 2, 1),
(3, 4, 3, 3),
(5, 6, 3, 2);

-- --------------------------------------------------------

--
-- Table structure for table `grados`
--

CREATE TABLE `grados` (
  `id_grado` int(11) NOT NULL,
  `nombre_grado` varchar(8) NOT NULL
) ENGINE=InnoDB DEFAULT CHARSET=utf8 COLLATE=utf8_general_ci;

--
-- Dumping data for table `grados`
--

INSERT INTO `grados` (`id_grado`, `nombre_grado`) VALUES
(1, 'Primero'),
(2, 'Segundo'),
(3, 'Tercero'),
(4, 'Cuarto'),
(5, 'Quinto'),
(6, 'Sexto');

-- --------------------------------------------------------

--
-- Table structure for table `grupos`
--

CREATE TABLE `grupos` (
  `id_grupo` int(11) NOT NULL,
  `nombre_grupo` varchar(1) NOT NULL
) ENGINE=InnoDB DEFAULT CHARSET=utf8 COLLATE=utf8_general_ci;

--
-- Dumping data for table `grupos`
--

INSERT INTO `grupos` (`id_grupo`, `nombre_grupo`) VALUES
(1, 'A'),
(2, 'B'),
(3, 'C');

-- --------------------------------------------------------

--
-- Table structure for table `padres`
--

CREATE TABLE `padres` (
  `id_padre` int(11) NOT NULL,
  `id_usuario` int(11) DEFAULT NULL,
  `id_grado` int(11) NOT NULL,
  `id_grupo` int(11) NOT NULL
) ENGINE=InnoDB DEFAULT CHARSET=utf8 COLLATE=utf8_general_ci;

--
-- Dumping data for table `padres`
--

INSERT INTO `padres` (`id_padre`, `id_usuario`, `id_grado`, `id_grupo`) VALUES
(1, 9, 3, 2),
(2, 10, 3, 3),
(3, 11, 5, 3);

-- --------------------------------------------------------

--
-- Table structure for table `proyectos`
--

CREATE TABLE `proyectos` (
  `id_proyecto` int(11) NOT NULL,
  `id_docente` int(11) DEFAULT NULL,
  `nombre_proyecto` varchar(30) DEFAULT NULL,
  `descripcion_proyecto` text DEFAULT NULL,
  `ejemplo` blob DEFAULT NULL
) ENGINE=InnoDB DEFAULT CHARSET=utf8 COLLATE=utf8_general_ci;

-- --------------------------------------------------------

--
-- Table structure for table `reportes`
--

CREATE TABLE `reportes` (
  `id_reporte` int(11) NOT NULL,
  `id_tipo_reporte` int(11) DEFAULT NULL,
  `id_usuario` int(11) DEFAULT NULL,
  `id_usuario_reportado` int(11) DEFAULT NULL,
  `fecha_reporte` date DEFAULT NULL,
  `texto_reporte` text DEFAULT NULL,
  `audio_reporte` blob DEFAULT NULL
) ENGINE=InnoDB DEFAULT CHARSET=utf8 COLLATE=utf8_general_ci;

--
-- Dumping data for table `reportes`
--

INSERT INTO `reportes` (`id_reporte`, `id_tipo_reporte`, `id_usuario`, `id_usuario_reportado`, `fecha_reporte`, `texto_reporte`, `audio_reporte`) VALUES
(1, 1, 1, 13, '2024-03-05', 'Dayra me dijo que le agradaba y se empezo a sobrepasar', NULL);

-- --------------------------------------------------------

--
-- Table structure for table `reportes_acumulados`
--

CREATE TABLE `reportes_acumulados` (
  `id_reportes_acumulados` int(11) NOT NULL,
  `id_alumno` int(11) DEFAULT NULL,
  `total_reportes_generados` int(11) DEFAULT NULL,
  `total_reportes_recibidos` int(11) DEFAULT NULL
) ENGINE=InnoDB DEFAULT CHARSET=utf8 COLLATE=utf8_general_ci;

-- --------------------------------------------------------

--
-- Table structure for table `tipo_estatus`
--

CREATE TABLE `tipo_estatus` (
  `id_estatus` int(11) NOT NULL,
  `nombre_estatus` varchar(12) NOT NULL
) ENGINE=InnoDB DEFAULT CHARSET=utf8mb4 COLLATE=utf8mb4_general_ci;

--
-- Dumping data for table `tipo_estatus`
--

INSERT INTO `tipo_estatus` (`id_estatus`, `nombre_estatus`) VALUES
(1, 'Activo'),
(2, 'Inactivo');

-- --------------------------------------------------------

--
-- Table structure for table `tipo_reportes`
--

CREATE TABLE `tipo_reportes` (
  `id_tipo_reporte` int(11) NOT NULL,
  `nombre_reporte` varchar(10) NOT NULL
) ENGINE=InnoDB DEFAULT CHARSET=utf8mb4 COLLATE=utf8mb4_general_ci;

--
-- Dumping data for table `tipo_reportes`
--

INSERT INTO `tipo_reportes` (`id_tipo_reporte`, `nombre_reporte`) VALUES
(1, 'Texto'),
(2, 'Audio');

-- --------------------------------------------------------

--
-- Table structure for table `tipo_usuarios`
--

CREATE TABLE `tipo_usuarios` (
  `id_tipo_usuario` int(11) NOT NULL,
  `nombre_tipo_usuario` varchar(13) NOT NULL
) ENGINE=InnoDB DEFAULT CHARSET=utf8mb4 COLLATE=utf8mb4_general_ci;

--
-- Dumping data for table `tipo_usuarios`
--

INSERT INTO `tipo_usuarios` (`id_tipo_usuario`, `nombre_tipo_usuario`) VALUES
(1, 'Administrador'),
(2, 'Docente'),
(3, 'Moderador'),
(4, 'Alumno');

-- --------------------------------------------------------

--
-- Table structure for table `usuarios`
--

CREATE TABLE `usuarios` (
  `id_usuario` int(11) NOT NULL,
  `nombre` varchar(40) NOT NULL,
  `apellidop` varchar(40) NOT NULL,
  `apellidom` varchar(40) NOT NULL,
  `correo` varchar(50) NOT NULL,
  `telefono` varchar(10) NOT NULL,
  `contrase単a` varchar(30) NOT NULL,
  `id_estatus` int(11) NOT NULL,
  `id_tipo_usuario` int(11) NOT NULL,
  `avatar` varchar(55) NOT NULL,
  `fondo` varchar(60) NOT NULL
) ENGINE=InnoDB DEFAULT CHARSET=utf8 COLLATE=utf8_general_ci;

--
-- Dumping data for table `usuarios`
--

INSERT INTO `usuarios` (`id_usuario`, `nombre`, `apellidop`, `apellidom`, `correo`, `telefono`, `contrase単a`, `id_estatus`, `id_tipo_usuario`, `avatar`, `fondo`) VALUES
(1, 'Christian', 'Reyes', 'Guarneros', 'cris.guarners.joker777@gmail.com', '2481714022', '12345678', 1, 1, 'imagenes/avatares/avatar-gatoblanco.gif', 'imagenes/fondos/fondo-bmobaraba.gif'),
(2, 'Vianney', 'Morales', 'Zamora', 'Vianney@gmail.com', '2225847475', '12345678', 1, 2, 'imagenes/avatares/avatar-gato.gif', 'imagenes/fondos/fondo-gusano.gif'),
(3, 'Ivan', 'Sanchez', 'Juarez', 'Ivan@gmail.com', '2461234588', 'asdfghjkl単', 2, 2, '', ''),
(4, 'Maria Petra', 'Paredes', 'Xochihua', 'Petra@gmail.com', '2461472535', '12345678', 1, 2, '', ''),
(6, 'Raymundo', 'Montiel', 'Lira', 'ray@gmail.com', '2467854849', '12345678', 2, 2, '', ''),
(9, 'Cecilia', 'Guarneros', 'Ramirez', 'Ceciliaguarneros1983@gmail.com', '2481332000', '12345678', 1, 3, '', ''),
(10, 'Rocio', 'Roldan', 'Rodriguez', 'Rocio@gmail.com', '2461234545', 'asdfghjkl単', 1, 3, '', ''),
(11, 'Moises', 'Guarneros', 'Ramirez', 'moi@gmail.com', '2481754645', '12345678', 2, 3, '', ''),
(12, 'Christian', 'Reyes', 'Guarneros', 'cris.guarners.joker777@gmail.com', '2481714022', '12345678', 1, 4, '', ''),
(13, 'Dayra', 'Coraza', 'Roldan', 'dayraroldan1@gmail.com', '2461858586', '12345678', 1, 4, 'imagenes/avatares/avatar-finn.gif', 'imagenes/fondos/fondo-bmobano.gif'),
(14, 'Daniel', 'Guarneros', 'Martinez', 'guar98953@gmail.com', '2441875082', 'tetenegra', 1, 4, '', '');

--
-- Indexes for dumped tables
--

--
-- Indexes for table `actividades`
--
ALTER TABLE `actividades`
  ADD PRIMARY KEY (`id_actividad`),
  ADD UNIQUE KEY `id_actividad` (`id_actividad`);

--
-- Indexes for table `alumnos`
--
ALTER TABLE `alumnos`
  ADD PRIMARY KEY (`id_alumno`),
  ADD KEY `id_usuario` (`id_usuario`),
  ADD KEY `id_grado` (`id_grado`),
  ADD KEY `id_grupo` (`id_grupo`),
  ADD KEY `id_padre` (`id_padre`),
  ADD KEY `id_docente` (`id_docente`);

--
-- Indexes for table `consejos`
--
ALTER TABLE `consejos`
  ADD PRIMARY KEY (`id_consejo`),
  ADD UNIQUE KEY `id_consejo` (`id_consejo`),
  ADD KEY `id_docente` (`id_docente`);

--
-- Indexes for table `docentes`
--
ALTER TABLE `docentes`
  ADD PRIMARY KEY (`id_docente`),
  ADD KEY `id_usuario` (`id_usuario`),
  ADD KEY `id_grado` (`id_grado`),
  ADD KEY `id_grupo` (`id_grupo`);

--
-- Indexes for table `grados`
--
ALTER TABLE `grados`
  ADD PRIMARY KEY (`id_grado`),
  ADD UNIQUE KEY `id_grado` (`id_grado`);

--
-- Indexes for table `grupos`
--
ALTER TABLE `grupos`
  ADD PRIMARY KEY (`id_grupo`),
  ADD UNIQUE KEY `id_grupo` (`id_grupo`);

--
-- Indexes for table `padres`
--
ALTER TABLE `padres`
  ADD PRIMARY KEY (`id_padre`),
  ADD KEY `id_usuario` (`id_usuario`),
  ADD KEY `padres_ibfk_2` (`id_grado`),
  ADD KEY `padres_ibfk_3` (`id_grupo`);

--
-- Indexes for table `proyectos`
--
ALTER TABLE `proyectos`
  ADD PRIMARY KEY (`id_proyecto`),
  ADD UNIQUE KEY `id_proyecto` (`id_proyecto`),
  ADD KEY `id_docente` (`id_docente`);

--
-- Indexes for table `reportes`
--
ALTER TABLE `reportes`
  ADD PRIMARY KEY (`id_reporte`),
  ADD UNIQUE KEY `id_reporte` (`id_reporte`),
  ADD KEY `id_alumno` (`id_usuario`),
  ADD KEY `id_alumno_reportado` (`id_usuario_reportado`),
  ADD KEY `id_tipo_reporte` (`id_tipo_reporte`);

--
-- Indexes for table `reportes_acumulados`
--
ALTER TABLE `reportes_acumulados`
  ADD PRIMARY KEY (`id_reportes_acumulados`),
  ADD KEY `id_alumno` (`id_alumno`);

--
-- Indexes for table `tipo_estatus`
--
ALTER TABLE `tipo_estatus`
  ADD PRIMARY KEY (`id_estatus`);

--
-- Indexes for table `tipo_reportes`
--
ALTER TABLE `tipo_reportes`
  ADD PRIMARY KEY (`id_tipo_reporte`);

--
-- Indexes for table `tipo_usuarios`
--
ALTER TABLE `tipo_usuarios`
  ADD PRIMARY KEY (`id_tipo_usuario`);

--
-- Indexes for table `usuarios`
--
ALTER TABLE `usuarios`
  ADD PRIMARY KEY (`id_usuario`),
  ADD UNIQUE KEY `id_usuario` (`id_usuario`),
  ADD KEY `id_tipo_usuario` (`id_tipo_usuario`),
  ADD KEY `id_estatus` (`id_estatus`);

--
-- AUTO_INCREMENT for dumped tables
--

--
-- AUTO_INCREMENT for table `actividades`
--
ALTER TABLE `actividades`
  MODIFY `id_actividad` int(11) NOT NULL AUTO_INCREMENT;

--
-- AUTO_INCREMENT for table `alumnos`
--
ALTER TABLE `alumnos`
  MODIFY `id_alumno` int(11) NOT NULL AUTO_INCREMENT, AUTO_INCREMENT=3;

--
-- AUTO_INCREMENT for table `consejos`
--
ALTER TABLE `consejos`
  MODIFY `id_consejo` int(11) NOT NULL AUTO_INCREMENT;

--
-- AUTO_INCREMENT for table `docentes`
--
ALTER TABLE `docentes`
  MODIFY `id_docente` int(11) NOT NULL AUTO_INCREMENT, AUTO_INCREMENT=8;

--
-- AUTO_INCREMENT for table `grados`
--
ALTER TABLE `grados`
  MODIFY `id_grado` int(11) NOT NULL AUTO_INCREMENT, AUTO_INCREMENT=7;

--
-- AUTO_INCREMENT for table `grupos`
--
ALTER TABLE `grupos`
  MODIFY `id_grupo` int(11) NOT NULL AUTO_INCREMENT, AUTO_INCREMENT=4;

--
-- AUTO_INCREMENT for table `padres`
--
ALTER TABLE `padres`
  MODIFY `id_padre` int(11) NOT NULL AUTO_INCREMENT, AUTO_INCREMENT=4;

--
-- AUTO_INCREMENT for table `proyectos`
--
ALTER TABLE `proyectos`
  MODIFY `id_proyecto` int(11) NOT NULL AUTO_INCREMENT;

--
-- AUTO_INCREMENT for table `reportes`
--
ALTER TABLE `reportes`
  MODIFY `id_reporte` int(11) NOT NULL AUTO_INCREMENT, AUTO_INCREMENT=2;

--
-- AUTO_INCREMENT for table `tipo_estatus`
--
ALTER TABLE `tipo_estatus`
  MODIFY `id_estatus` int(11) NOT NULL AUTO_INCREMENT, AUTO_INCREMENT=3;

--
-- AUTO_INCREMENT for table `tipo_reportes`
--
ALTER TABLE `tipo_reportes`
  MODIFY `id_tipo_reporte` int(11) NOT NULL AUTO_INCREMENT, AUTO_INCREMENT=3;

--
-- AUTO_INCREMENT for table `tipo_usuarios`
--
ALTER TABLE `tipo_usuarios`
  MODIFY `id_tipo_usuario` int(11) NOT NULL AUTO_INCREMENT, AUTO_INCREMENT=5;

--
-- AUTO_INCREMENT for table `usuarios`
--
ALTER TABLE `usuarios`
  MODIFY `id_usuario` int(11) NOT NULL AUTO_INCREMENT, AUTO_INCREMENT=15;

--
-- Constraints for dumped tables
--

--
-- Constraints for table `alumnos`
--
ALTER TABLE `alumnos`
  ADD CONSTRAINT `alumnos_ibfk_1` FOREIGN KEY (`id_usuario`) REFERENCES `usuarios` (`id_usuario`),
  ADD CONSTRAINT `alumnos_ibfk_2` FOREIGN KEY (`id_grado`) REFERENCES `grados` (`id_grado`),
  ADD CONSTRAINT `alumnos_ibfk_3` FOREIGN KEY (`id_grupo`) REFERENCES `grupos` (`id_grupo`),
  ADD CONSTRAINT `alumnos_ibfk_4` FOREIGN KEY (`id_padre`) REFERENCES `padres` (`id_padre`),
  ADD CONSTRAINT `alumnos_ibfk_5` FOREIGN KEY (`id_docente`) REFERENCES `docentes` (`id_docente`);

--
-- Constraints for table `consejos`
--
ALTER TABLE `consejos`
  ADD CONSTRAINT `consejos_ibfk_1` FOREIGN KEY (`id_docente`) REFERENCES `docentes` (`id_docente`);

--
-- Constraints for table `docentes`
--
ALTER TABLE `docentes`
  ADD CONSTRAINT `docentes_ibfk_1` FOREIGN KEY (`id_usuario`) REFERENCES `usuarios` (`id_usuario`),
  ADD CONSTRAINT `docentes_ibfk_2` FOREIGN KEY (`id_grado`) REFERENCES `grados` (`id_grado`),
  ADD CONSTRAINT `docentes_ibfk_3` FOREIGN KEY (`id_grupo`) REFERENCES `grupos` (`id_grupo`);

--
-- Constraints for table `padres`
--
ALTER TABLE `padres`
  ADD CONSTRAINT `padres_ibfk_1` FOREIGN KEY (`id_usuario`) REFERENCES `usuarios` (`id_usuario`),
  ADD CONSTRAINT `padres_ibfk_2` FOREIGN KEY (`id_grado`) REFERENCES `grados` (`id_grado`),
  ADD CONSTRAINT `padres_ibfk_3` FOREIGN KEY (`id_grupo`) REFERENCES `grupos` (`id_grupo`);

--
-- Constraints for table `proyectos`
--
ALTER TABLE `proyectos`
  ADD CONSTRAINT `proyectos_ibfk_1` FOREIGN KEY (`id_docente`) REFERENCES `docentes` (`id_docente`);

--
-- Constraints for table `reportes`
--
ALTER TABLE `reportes`
  ADD CONSTRAINT `id_tipo_reporte` FOREIGN KEY (`id_tipo_reporte`) REFERENCES `tipo_reportes` (`id_tipo_reporte`),
  ADD CONSTRAINT `id_usuario` FOREIGN KEY (`id_usuario`) REFERENCES `usuarios` (`id_usuario`),
  ADD CONSTRAINT `id_usuario_reportado` FOREIGN KEY (`id_usuario_reportado`) REFERENCES `usuarios` (`id_usuario`);

--
-- Constraints for table `reportes_acumulados`
--
ALTER TABLE `reportes_acumulados`
  ADD CONSTRAINT `reportes_acumulados_ibfk_1` FOREIGN KEY (`id_alumno`) REFERENCES `alumnos` (`id_alumno`);

--
-- Constraints for table `usuarios`
--
ALTER TABLE `usuarios`
  ADD CONSTRAINT `id_estatus` FOREIGN KEY (`id_estatus`) REFERENCES `tipo_estatus` (`id_estatus`),
  ADD CONSTRAINT `id_tipo_usuario` FOREIGN KEY (`id_tipo_usuario`) REFERENCES `tipo_usuarios` (`id_tipo_usuario`);
COMMIT;

/*!40101 SET CHARACTER_SET_CLIENT=@OLD_CHARACTER_SET_CLIENT */;
/*!40101 SET CHARACTER_SET_RESULTS=@OLD_CHARACTER_SET_RESULTS */;
/*!40101 SET COLLATION_CONNECTION=@OLD_COLLATION_CONNECTION */;
